filename,easting_km,northing_km
dop20rgb_32_457_5488_1_bw_2024.tif,457,5488
dop20rgb_32_457_5489_1_bw_2024.tif,457,5489
dop20rgb_32_457_5490_1_bw_2024.tif,457,5490
dop20rgb_32_458_5485_1_bw_2024.tif,458,5485
dop20rgb_32_458_5486_1_bw_2024.tif,458,5486
dop20rgb_32_458_5487_1_bw_2024.tif,458,5487
dop20rgb_32_458_5488_1_bw_2024.tif,458,5488
dop20rgb_32_458_5489_1_bw_2024.tif,458,5489
dop20rgb_32_458_5490_1_bw_2024.tif,458,5490
dop20rgb_32_458_5491_1_bw_2024.tif,458,5491
dop20rgb_32_458_5492_1_bw_2024.tif,458,5492
dop20rgb_32_459_5477_1_bw_2024.tif,459,5477
dop20rgb_32_459_5478_1_bw_2024.tif,459,5478
dop20rgb_32_459_5481_1_bw_2024.tif,459,5481
dop20rgb_32_459_5482_1_bw_2024.tif,459,5482
dop20rgb_32_459_5483_1_bw_2024.tif,459,5483
dop20rgb_32_459_5484_1_bw_2024.tif,459,5484
dop20rgb_32_459_5485_1_bw_2024.tif,459,5485
dop20rgb_32_459_5486_1_bw_2024.tif,459,5486
dop20rgb_32_459_5487_1_bw_2024.tif,459,5487
dop20rgb_32_459_5488_1_bw_2024.tif,459,5488
dop20rgb_32_459_5489_1_bw_2024.tif,459,5489
dop20rgb_32_459_5490_1_bw_2024.tif,459,5490
dop20rgb_32_459_5491_1_bw_2024.tif,459,5491
dop20rgb_32_459_5492_1_bw_2024.tif,459,5492
dop20rgb_32_459_5493_1_bw_2024.tif,459,5493
dop20rgb_32_460_5476_1_bw_2024.tif,460,5476
dop20rgb_32_460_5477_1_bw_2024.tif,460,5477
dop20rgb_32_460_5478_1_bw_2024.tif,460,5478
dop20rgb_32_460_5479_1_bw_2024.tif,460,5479
dop20rgb_32_460_5480_1_bw_2024.tif,460,5480
dop20rgb_32_460_5481_1_bw_2024.tif,460,5481
dop20rgb_32_460_5482_1_bw_2024.tif,460,5482
dop20rgb_32_460_5483_1_bw_2024.tif,460,5483
dop20rgb_32_460_5484_1_bw_2024.tif,460,5484
dop20rgb_32_460_5485_1_bw_2024.tif,460,5485
dop20rgb_32_460_5486_1_bw_2024.tif,460,5486
dop20rgb_32_460_5487_1_bw_2024.tif,460,5487
dop20rgb_32_460_5488_1_bw_2024.tif,460,5488
dop20rgb_32_460_5489_1_bw_2024.tif,460,5489
dop20rgb_32_460_5490_1_bw_2024.tif,460,5490
dop20rgb_32_460_5491_1_bw_2024.tif,460,5491
dop20rgb_32_460_5492_1_bw_2024.tif,460,5492
dop20rgb_32_460_5493_1_bw_2024.tif,460,5493
dop20rgb_32_461_5476_1_bw_2024.tif,461,5476
dop20rgb_32_461_5477_1_bw_2024.tif,461,5477
dop20rgb_32_461_5478_1_bw_2024.tif,461,5478
dop20rgb_32_461_5479_1_bw_2024.tif,461,5479
dop20rgb_32_461_5480_1_bw_2024.tif,461,5480
dop20rgb_32_461_5481_1_bw_2024.tif,461,5481
dop20rgb_32_461_5482_1_bw_2024.tif,461,5482
dop20rgb_32_461_5483_1_bw_2024.tif,461,5483
dop20rgb_32_461_5484_1_bw_2024.tif,461,5484
dop20rgb_32_461_5485_1_bw_2024.tif,461,5485
dop20rgb_32_461_5486_1_bw_2024.tif,461,5486
dop20rgb_32_461_5487_1_bw_2024.tif,461,5487
dop20rgb_32_461_5488_1_bw_2024.tif,461,5488
dop20rgb_32_461_5489_1_bw_2024.tif,461,5489
dop20rgb_32_461_5490_1_bw_2024.tif,461,5490
dop20rgb_32_461_5491_1_bw_2024.tif,461,5491
dop20rgb_32_461_5492_1_bw_2024.tif,461,5492
dop20rgb_32_461_5493_1_bw_2024.tif,461,5493
dop20rgb_32_462_5476_1_bw_2024.tif,462,5476
dop20rgb_32_462_5477_1_bw_2024.tif,462,5477
dop20rgb_32_462_5478_1_bw_2024.tif,462,5478
dop20rgb_32_462_5479_1_bw_2024.tif,462,5479
dop20rgb_32_462_5480_1_bw_2024.tif,462,5480
dop20rgb_32_462_5481_1_bw_2024.tif,462,5481
dop20rgb_32_462_5482_1_bw_2024.tif,462,5482
dop20rgb_32_462_5483_1_bw_2024.tif,462,5483
dop20rgb_32_462_5484_1_bw_2024.tif,462,5484
dop20rgb_32_462_5485_1_bw_2024.tif,462,5485
dop20rgb_32_462_5486_1_bw_2024.tif,462,5486
dop20rgb_32_462_5487_1_bw_2024.tif,462,5487
dop20rgb_32_462_5488_1_bw_2024.tif,462,5488
dop20rgb_32_462_5489_1_bw_2024.tif,462,5489
dop20rgb_32_462_5490_1_bw_2024.tif,462,5490
dop20rgb_32_462_5491_1_bw_2024.tif,462,5491
dop20rgb_32_462_5492_1_bw_2024.tif,462,5492
dop20rgb_32_463_5472_1_bw_2024.tif,463,5472
dop20rgb_32_463_5473_1_bw_2024.tif,463,5473
dop20rgb_32_463_5474_1_bw_2024.tif,463,5474
dop20rgb_32_463_5476_1_bw_2024.tif,463,5476
dop20rgb_32_463_5477_1_bw_2024.tif,463,5477
dop20rgb_32_463_5478_1_bw_2024.tif,463,5478
dop20rgb_32_463_5479_1_bw_2024.tif,463,5479
dop20rgb_32_463_5480_1_bw_2024.tif,463,5480
dop20rgb_32_463_5481_1_bw_2024.tif,463,5481
dop20rgb_32_463_5482_1_bw_2024.tif,463,5482
dop20rgb_32_463_5483_1_bw_2024.tif,463,5483
dop20rgb_32_463_5484_1_bw_2024.tif,463,5484
dop20rgb_32_463_5485_1_bw_2024.tif,463,5485
dop20rgb_32_463_5486_1_bw_2024.tif,463,5486
dop20rgb_32_463_5487_1_bw_2024.tif,463,5487
dop20rgb_32_463_5488_1_bw_2024.tif,463,5488
dop20rgb_32_463_5489_1_bw_2024.tif,463,5489
dop20rgb_32_463_5490_1_bw_2024.tif,463,5490
dop20rgb_32_463_5491_1_bw_2024.tif,463,5491
dop20rgb_32_464_5472_1_bw_2024.tif,464,5472
dop20rgb_32_464_5473_1_bw_2024.tif,464,5473
dop20rgb_32_464_5474_1_bw_2024.tif,464,5474
dop20rgb_32_464_5475_1_bw_2024.tif,464,5475
dop20rgb_32_464_5476_1_bw_2024.tif,464,5476
dop20rgb_32_464_5477_1_bw_2024.tif,464,5477
dop20rgb_32_464_5478_1_bw_2024.tif,464,5478
dop20rgb_32_464_5479_1_bw_2024.tif,464,5479
dop20rgb_32_464_5480_1_bw_2024.tif,464,5480
dop20rgb_32_464_5481_1_bw_2024.tif,464,5481
dop20rgb_32_464_5482_1_bw_2024.tif,464,5482
dop20rgb_32_464_5483_1_bw_2024.tif,464,5483
dop20rgb_32_464_5484_1_bw_2024.tif,464,5484
dop20rgb_32_464_5485_1_bw_2024.tif,464,5485
dop20rgb_32_464_5486_1_bw_2024.tif,464,5486
dop20rgb_32_464_5487_1_bw_2024.tif,464,5487
dop20rgb_32_464_5488_1_bw_2024.tif,464,5488
dop20rgb_32_464_5489_1_bw_2024.tif,464,5489
dop20rgb_32_464_5490_1_bw_2024.tif,464,5490
dop20rgb_32_465_5472_1_bw_2024.tif,465,5472
dop20rgb_32_465_5473_1_bw_2024.tif,465,5473
dop20rgb_32_465_5474_1_bw_2024.tif,465,5474
dop20rgb_32_465_5475_1_bw_2024.tif,465,5475
dop20rgb_32_465_5476_1_bw_2024.tif,465,5476
dop20rgb_32_465_5477_1_bw_2024.tif,465,5477
dop20rgb_32_465_5478_1_bw_2024.tif,465,5478
dop20rgb_32_465_5479_1_bw_2024.tif,465,5479
dop20rgb_32_465_5480_1_bw_2024.tif,465,5480
dop20rgb_32_465_5481_1_bw_2024.tif,465,5481
dop20rgb_32_465_5482_1_bw_2024.tif,465,5482
dop20rgb_32_465_5483_1_bw_2024.tif,465,5483
dop20rgb_32_465_5484_1_bw_2024.tif,465,5484
dop20rgb_32_465_5485_1_bw_2024.tif,465,5485
dop20rgb_32_465_5486_1_bw_2024.tif,465,5486
dop20rgb_32_465_5487_1_bw_2024.tif,465,5487
dop20rgb_32_465_5488_1_bw_2024.tif,465,5488
dop20rgb_32_465_5489_1_bw_2024.tif,465,5489
dop20rgb_32_466_5472_1_bw_2024.tif,466,5472
dop20rgb_32_466_5473_1_bw_2024.tif,466,5473
dop20rgb_32_466_5474_1_bw_2024.tif,466,5474
dop20rgb_32_466_5475_1_bw_2024.tif,466,5475
dop20rgb_32_466_5476_1_bw_2024.tif,466,5476
dop20rgb_32_466_5477_1_bw_2024.tif,466,5477
dop20rgb_32_466_5478_1_bw_2024.tif,466,5478
dop20rgb_32_466_5479_1_bw_2024.tif,466,5479
dop20rgb_32_466_5480_1_bw_2024.tif,466,5480
dop20rgb_32_466_5481_1_bw_2024.tif,466,5481
dop20rgb_32_466_5482_1_bw_2024.tif,466,5482
dop20rgb_32_466_5483_1_bw_2024.tif,466,5483
dop20rgb_32_466_5484_1_bw_2024.tif,466,5484
dop20rgb_32_466_5485_1_bw_2024.tif,466,5485
dop20rgb_32_466_5486_1_bw_2024.tif,466,5486
dop20rgb_32_466_5487_1_bw_2024.tif,466,5487
dop20rgb_32_467_5472_1_bw_2024.tif,467,5472
dop20rgb_32_467_5473_1_bw_2024.tif,467,5473
dop20rgb_32_467_5474_1_bw_2024.tif,467,5474
dop20rgb_32_467_5475_1_bw_2024.tif,467,5475
dop20rgb_32_467_5476_1_bw_2024.tif,467,5476
dop20rgb_32_467_5477_1_bw_2024.tif,467,5477
dop20rgb_32_467_5478_1_bw_2025.tif,467,5478
dop20rgb_32_467_5479_1_bw_2025.tif,467,5479
dop20rgb_32_467_5480_1_bw_2025.tif,467,5480
dop20rgb_32_467_5481_1_bw_2025.tif,467,5481
dop20rgb_32_467_5482_1_bw_2025.tif,467,5482
dop20rgb_32_467_5483_1_bw_2025.tif,467,5483
dop20rgb_32_467_5484_1_bw_2025.tif,467,5484
dop20rgb_32_467_5485_1_bw_2025.tif,467,5485
dop20rgb_32_467_5486_1_bw_2025.tif,467,5486
dop20rgb_32_468_5472_1_bw_2024.tif,468,5472
dop20rgb_32_468_5473_1_bw_2024.tif,468,5473
dop20rgb_32_468_5474_1_bw_2024.tif,468,5474
dop20rgb_32_468_5475_1_bw_2024.tif,468,5475
dop20rgb_32_468_5476_1_bw_2024.tif,468,5476
dop20rgb_32_468_5477_1_bw_2024.tif,468,5477
dop20rgb_32_468_5478_1_bw_2025.tif,468,5478
dop20rgb_32_468_5479_1_bw_2025.tif,468,5479
dop20rgb_32_468_5480_1_bw_2025.tif,468,5480
dop20rgb_32_468_5481_1_bw_2025.tif,468,5481
dop20rgb_32_468_5482_1_bw_2025.tif,468,5482
dop20rgb_32_468_5483_1_bw_2025.tif,468,5483
dop20rgb_32_468_5484_1_bw_2025.tif,468,5484
dop20rgb_32_468_5485_1_bw_2025.tif,468,5485
dop20rgb_32_469_5472_1_bw_2024.tif,469,5472
dop20rgb_32_469_5473_1_bw_2024.tif,469,5473
dop20rgb_32_469_5474_1_bw_2024.tif,469,5474
dop20rgb_32_469_5475_1_bw_2024.tif,469,5475
dop20rgb_32_469_5476_1_bw_2025.tif,469,5476
dop20rgb_32_469_5477_1_bw_2025.tif,469,5477
dop20rgb_32_469_5478_1_bw_2025.tif,469,5478
dop20rgb_32_469_5479_1_bw_2025.tif,469,5479
dop20rgb_32_469_5480_1_bw_2025.tif,469,5480
dop20rgb_32_469_5481_1_bw_2025.tif,469,5481
dop20rgb_32_469_5482_1_bw_2025.tif,469,5482
dop20rgb_32_469_5483_1_bw_2025.tif,469,5483
dop20rgb_32_469_5484_1_bw_2025.tif,469,5484
dop20rgb_32_469_5485_1_bw_2025.tif,469,5485
dop20rgb_32_470_5472_1_bw_2024.tif,470,5472
dop20rgb_32_470_5473_1_bw_2024.tif,470,5473
dop20rgb_32_470_5474_1_bw_2024.tif,470,5474
dop20rgb_32_470_5475_1_bw_2024.tif,470,5475
dop20rgb_32_470_5476_1_bw_2025.tif,470,5476
dop20rgb_32_470_5477_1_bw_2025.tif,470,5477
dop20rgb_32_470_5478_1_bw_2025.tif,470,5478
dop20rgb_32_470_5479_1_bw_2025.tif,470,5479
dop20rgb_32_470_5480_1_bw_2025.tif,470,5480
dop20rgb_32_470_5481_1_bw_2025.tif,470,5481
dop20rgb_32_470_5482_1_bw_2025.tif,470,5482
dop20rgb_32_470_5483_1_bw_2025.tif,470,5483
dop20rgb_32_470_5484_1_bw_2025.tif,470,5484
dop20rgb_32_470_5485_1_bw_2025.tif,470,5485
dop20rgb_32_470_5486_1_bw_2025.tif,470,5486
dop20rgb_32_470_5493_1_bw_2025.tif,470,5493
dop20rgb_32_470_5494_1_bw_2025.tif,470,5494
dop20rgb_32_470_5495_1_bw_2025.tif,470,5495
dop20rgb_32_471_5474_1_bw_2024.tif,471,5474
dop20rgb_32_471_5475_1_bw_2024.tif,471,5475
dop20rgb_32_471_5476_1_bw_2025.tif,471,5476
dop20rgb_32_471_5477_1_bw_2025.tif,471,5477
dop20rgb_32_471_5478_1_bw_2025.tif,471,5478
dop20rgb_32_471_5479_1_bw_2025.tif,471,5479
dop20rgb_32_471_5480_1_bw_2025.tif,471,5480
dop20rgb_32_471_5481_1_bw_2025.tif,471,5481
dop20rgb_32_471_5482_1_bw_2025.tif,471,5482
dop20rgb_32_471_5483_1_bw_2025.tif,471,5483
dop20rgb_32_471_5484_1_bw_2025.tif,471,5484
dop20rgb_32_471_5485_1_bw_2025.tif,471,5485
dop20rgb_32_471_5486_1_bw_2025.tif,471,5486
dop20rgb_32_471_5487_1_bw_2025.tif,471,5487
dop20rgb_32_471_5489_1_bw_2025.tif,471,5489
dop20rgb_32_471_5490_1_bw_2025.tif,471,5490
dop20rgb_32_471_5491_1_bw_2025.tif,471,5491
dop20rgb_32_471_5492_1_bw_2025.tif,471,5492
dop20rgb_32_471_5493_1_bw_2025.tif,471,5493
dop20rgb_32_471_5494_1_bw_2025.tif,471,5494
dop20rgb_32_471_5495_1_bw_2025.tif,471,5495
dop20rgb_32_472_5474_1_bw_2024.tif,472,5474
dop20rgb_32_472_5475_1_bw_2024.tif,472,5475
dop20rgb_32_472_5476_1_bw_2025.tif,472,5476
dop20rgb_32_472_5477_1_bw_2025.tif,472,5477
dop20rgb_32_472_5478_1_bw_2025.tif,472,5478
dop20rgb_32_472_5479_1_bw_2025.tif,472,5479
dop20rgb_32_472_5480_1_bw_2025.tif,472,5480
dop20rgb_32_472_5481_1_bw_2025.tif,472,5481
dop20rgb_32_472_5482_1_bw_2025.tif,472,5482
dop20rgb_32_472_5483_1_bw_2025.tif,472,5483
dop20rgb_32_472_5484_1_bw_2025.tif,472,5484
dop20rgb_32_472_5485_1_bw_2025.tif,472,5485
dop20rgb_32_472_5486_1_bw_2025.tif,472,5486
dop20rgb_32_472_5487_1_bw_2025.tif,472,5487
dop20rgb_32_472_5488_1_bw_2025.tif,472,5488
dop20rgb_32_472_5489_1_bw_2025.tif,472,5489
dop20rgb_32_472_5490_1_bw_2025.tif,472,5490
dop20rgb_32_472_5491_1_bw_2025.tif,472,5491
dop20rgb_32_472_5492_1_bw_2025.tif,472,5492
dop20rgb_32_472_5493_1_bw_2025.tif,472,5493
dop20rgb_32_472_5494_1_bw_2025.tif,472,5494
dop20rgb_32_472_5495_1_bw_2025.tif,472,5495
dop20rgb_32_472_5496_1_bw_2025.tif,472,5496
dop20rgb_32_473_5474_1_bw_2024.tif,473,5474
dop20rgb_32_473_5475_1_bw_2024.tif,473,5475
dop20rgb_32_473_5476_1_bw_2025.tif,473,5476
dop20rgb_32_473_5477_1_bw_2025.tif,473,5477
dop20rgb_32_473_5478_1_bw_2025.tif,473,5478
dop20rgb_32_473_5479_1_bw_2025.tif,473,5479
dop20rgb_32_473_5480_1_bw_2025.tif,473,5480
dop20rgb_32_473_5481_1_bw_2025.tif,473,5481
dop20rgb_32_473_5482_1_bw_2025.tif,473,5482
dop20rgb_32_473_5483_1_bw_2025.tif,473,5483
dop20rgb_32_473_5484_1_bw_2025.tif,473,5484
dop20rgb_32_473_5485_1_bw_2025.tif,473,5485
dop20rgb_32_473_5486_1_bw_2025.tif,473,5486
dop20rgb_32_473_5487_1_bw_2025.tif,473,5487
dop20rgb_32_473_5488_1_bw_2025.tif,473,5488
dop20rgb_32_473_5489_1_bw_2025.tif,473,5489
dop20rgb_32_473_5490_1_bw_2025.tif,473,5490
dop20rgb_32_473_5491_1_bw_2025.tif,473,5491
dop20rgb_32_473_5492_1_bw_2025.tif,473,5492
dop20rgb_32_473_5493_1_bw_2025.tif,473,5493
dop20rgb_32_473_5494_1_bw_2025.tif,473,5494
dop20rgb_32_473_5495_1_bw_2025.tif,473,5495
dop20rgb_32_473_5496_1_bw_2025.tif,473,5496
dop20rgb_32_474_5474_1_bw_2024.tif,474,5474
dop20rgb_32_474_5475_1_bw_2024.tif,474,5475
dop20rgb_32_474_5476_1_bw_2025.tif,474,5476
dop20rgb_32_474_5477_1_bw_2025.tif,474,5477
dop20rgb_32_474_5478_1_bw_2025.tif,474,5478
dop20rgb_32_474_5479_1_bw_2025.tif,474,5479
dop20rgb_32_474_5480_1_bw_2025.tif,474,5480
dop20rgb_32_474_5481_1_bw_2025.tif,474,5481
dop20rgb_32_474_5482_1_bw_2025.tif,474,5482
dop20rgb_32_474_5483_1_bw_2025.tif,474,5483
dop20rgb_32_474_5484_1_bw_2025.tif,474,5484
dop20rgb_32_474_5485_1_bw_2025.tif,474,5485
dop20rgb_32_474_5486_1_bw_2025.tif,474,5486
dop20rgb_32_474_5487_1_bw_2025.tif,474,5487
dop20rgb_32_474_5488_1_bw_2025.tif,474,5488
dop20rgb_32_474_5489_1_bw_2025.tif,474,5489
dop20rgb_32_474_5490_1_bw_2025.tif,474,5490
dop20rgb_32_474_5491_1_bw_2025.tif,474,5491
dop20rgb_32_474_5492_1_bw_2025.tif,474,5492
dop20rgb_32_474_5493_1_bw_2025.tif,474,5493
dop20rgb_32_474_5494_1_bw_2025.tif,474,5494
dop20rgb_32_474_5495_1_bw_2025.tif,474,5495
dop20rgb_32_474_5496_1_bw_2025.tif,474,5496
